{
  "feature_means": {
    "age": 52.04853186895029,
    "sex": 0.30765068754101493,
    "on thyroxine": 0.12575987841945288,
    "query on thyroxine": 0.013677811550151976,
    "on antithyroid medication": 0.0121580547112462,
    "sick": 0.04141337386018237,
    "pregnant": 0.009878419452887538,
    "thyroid surgery": 0.012917933130699088,
    "I131 treatment": 0.017477203647416412,
    "query hypothyroid": 0.05927051671732523,
    "query hyperthyroid": 0.06610942249240122,
    "lithium": 0.005319148936170213,
    "goitre": 0.009498480243161094,
    "tumor": 0.028495440729483283,
    "hypopituitary": 0.00037993920972644377,
    "psych": 0.04635258358662614,
    "TSH measured": 0.8848784194528876,
    "TSH": 5.908206734380624,
    "T3 measured": 0.7917933130699089,
    "TT4 measured": 0.9274316109422492,
    "TT4": 107.90425336634078,
    "T4U measured": 0.8829787234042553,
    "T4U": 0.9958031569188222,
    "FTI measured": 0.8837386018237082,
    "FTI": 109.95266431950164
  },
  "feature_stds": {
    "age": 20.3748217201726,
    "sex": 0.451998801607378,
    "on thyroxine": 0.331641552641821,
    "query on thyroxine": 0.11617166877708068,
    "on antithyroid medication": 0.10961204911413555,
    "sick": 0.19928219940981082,
    "pregnant": 0.09891690359915918,
    "thyroid surgery": 0.11294204975740486,
    "I131 treatment": 0.1310659288348328,
    "query hypothyroid": 0.23617517881080552,
    "query hyperthyroid": 0.2485204875256783,
    "lithium": 0.07275208971776961,
    "goitre": 0.09701461251481178,
    "tumor": 0.16641506125704078,
    "hypopituitary": 0.019492029389636265,
    "psych": 0.2102874765789473,
    "TSH measured": 0.31922926060495654,
    "TSH": 27.26746476727661,
    "T3 measured": 0.4061026000464242,
    "TT4 measured": 0.25947600744162214,
    "TT4": 33.82188174000806,
    "T4U measured": 0.32150671910977113,
    "T4U": 0.15411100142407544,
    "FTI measured": 0.3205990284486372,
    "FTI": 31.777472346663565
  }
}